{"format": "layers-model", "generatedBy": "keras v2.4.0", "convertedBy": "TensorFlow.js Converter v2.3.0", "modelTopology": {"keras_version": "2.4.0", "backend": "tensorflow", "model_config": {"class_name": "Sequential", "config": {"name": "sequential_1", "layers": [{"class_name": "InputLayer", "config": {"batch_input_shape": [null, 28, 28, 1], "dtype": "float32", "sparse": false, "ragged": false, "name": "conv2d_1_input"}}, {"class_name": "Conv2D", "config": {"name": "conv2d_1", "trainable": true, "batch_input_shape": [null, 28, 28, 1], "dtype": "float32", "filters": 16, "kernel_size": [3, 3], "strides": [1, 1], "padding": "valid", "data_format": "channels_last", "dilation_rate": [1, 1], "groups": 1, "activation": "relu", "use_bias": true, "kernel_initializer": {"class_name": "GlorotUniform", "config": {"seed": null}}, "bias_initializer": {"class_name": "Zeros", "config": {}}, "kernel_regularizer": null, "bias_regularizer": null, "activity_regularizer": null, "kernel_constraint": null, "bias_constraint": null}}, {"class_name": "MaxPooling2D", "config": {"name": "max_pooling2d_1", "trainable": true, "dtype": "float32", "pool_size": [2, 2], "padding": "valid", "strides": [2, 2], "data_format": "channels_last"}}, {"class_name": "Flatten", "config": {"name": "flatten_1", "trainable": true, "dtype": "float32", "data_format": "channels_last"}}, {"class_name": "Dense", "config": {"name": "dense_2", "trainable": true, "dtype": "float32", "units": 1024, "activation": "relu", "use_bias": true, "kernel_initializer": {"class_name": "GlorotUniform", "config": {"seed": null}}, "bias_initializer": {"class_name": "Zeros", "config": {}}, "kernel_regularizer": null, "bias_regularizer": null, "activity_regularizer": null, "kernel_constraint": null, "bias_constraint": null}}, {"class_name": "Dense", "config": {"name": "dense_3", "trainable": true, "dtype": "float32", "units": 10, "activation": "softmax", "use_bias": true, "kernel_initializer": {"class_name": "GlorotUniform", "config": {"seed": null}}, "bias_initializer": {"class_name": "Zeros", "config": {}}, "kernel_regularizer": null, "bias_regularizer": null, "activity_regularizer": null, "kernel_constraint": null, "bias_constraint": null}}]}}, "training_config": {"loss": "categorical_crossentropy", "metrics": ["accuracy"], "weighted_metrics": null, "loss_weights": null, "optimizer_config": {"class_name": "RMSprop", "config": {"name": "RMSprop", "learning_rate": 9.999999747378752e-05, "decay": 0.0, "rho": 0.8999999761581421, "momentum": 0.0, "epsilon": 1e-07, "centered": false}}}}, "weightsManifest": [{"paths": ["group1-shard1of3.bin", "group1-shard2of3.bin", "group1-shard3of3.bin"], "weights": [{"name": "conv2d_1/kernel", "shape": [3, 3, 1, 16], "dtype": "float32"}, {"name": "conv2d_1/bias", "shape": [16], "dtype": "float32"}, {"name": "dense_2/kernel", "shape": [2704, 1024], "dtype": "float32"}, {"name": "dense_2/bias", "shape": [1024], "dtype": "float32"}, {"name": "dense_3/kernel", "shape": [1024, 10], "dtype": "float32"}, {"name": "dense_3/bias", "shape": [10], "dtype": "float32"}]}]}